[
    {
        "id": "accademia-abadir-santagata-li-battiati-ct",
        "tipologia_istituto": "Istituti di Design e Moda",
        "istituto": "Accademia ABADIR sede Sant'Agata Li Battiati - S.Agata Li Battiati (CT)",
        "citta": "Catania",
        "sede": "Principale",
        "address": "Via G. Leopardi, 8, 95030 Sant'Agata li Battiati CT",
        "status": "Privato",
        "website": "www.abadir.net",
        "lat": "37.5023612",
        "lng": "15.0873718"
    },
    {
        "id": "accademia-della-moda-iuad",
        "tipologia_istituto": "Istituti di Design e Moda",
        "istituto": "Accademia della Moda - Napoli",
        "citta": "Napoli",
        "sede": "Principale",
        "address": "Corso Lucci, 156, 80142, Napoli, Na, , Italia",
        "status": "Privato",
        "website": "www.accademiamoda.it",
        "lat": "40.8485748",
        "lng": "14.2754121"
    },
    {
        "id": "accademia-della-moda-napoli",
        "tipologia_istituto": "Istituti di Design e Moda",
        "istituto": "Accademia della Moda (sede decentrata Accademia della Moda di NAPOLI) - Milano",
        "citta": "Napoli",
        "sede": "Principale",
        "address": "Via Sigismondo Castromediano, 10, 80142, Napoli, Na, , Italia",
        "status": "Privato",
        "website": "www.accademiamoda.it",
        "lat": "40.8516689",
        "lng": "14.2710407"
    },
    {
        "id": "accademia-di-belle-arti-di-sanremo",
        "tipologia_istituto": "Accademie di Belle Arti",
        "istituto": "Accademia di Belle Arti Statale - Sanremo",
        "citta": "Sanremo",
        "sede": "Principale",
        "address": "Via Val del Ponte, 34, 18038, Sanremo, IM, , Italia",
        "status": "Privato",
        "website": "www.accademiabelleartisanremo.it",
        "lat": "43.8248461",
        "lng": "7.7812209"
    },
    {
        "id": "accademia-di-belle-arti-g-b-tiepolo",
        "tipologia_istituto": "Accademie di Belle Arti",
        "istituto": "Accademia di Belle Arti Statale G.B. Tiepolo - Udine",
        "citta": "Udine",
        "sede": "Principale",
        "address": "Viale Ungheria, 22, 33100, Udine, Ud, , Italia",
        "status": "Privato",
        "website": "www.accademiatiepolo.it",
        "lat": "46.0612126",
        "lng": "13.2429135"
    },
    {
        "id": "academy-of-fine-arts-and-media-acme",
        "tipologia_istituto": "Accademie di Belle Arti",
        "istituto": "Accademia di Belle Arti Statale legalmente riconosciuta ACME - Milano",
        "citta": "Milano",
        "sede": "Principale",
        "address": "Via Cagnola, 17, 20154, Milano, Mi, , Italia",
        "status": "Privato",
        "website": "www.acmemilano.it",
        "lat": "45.4791950",
        "lng": "9.1727151"
    },
    {
        "id": "accademia-di-belle-arti-aldo-galli",
        "tipologia_istituto": "Accademie di Belle Arti",
        "istituto": "Accademia di Belle Arti Statale legalmente riconosciuta Aldo Galli - Como",
        "citta": "Como",
        "sede": "Principale",
        "address": "Piazza del Duomo, 9, 22100, Como, Co, , Italia",
        "status": "Privato",
        "website": "www.accademiagalli.it",
        "lat": "45.8114028",
        "lng": "9.0829482"
    },
    {
        "id": "accademia-di-belle-arti-leg-ricon-istituto-i-duncan-di-sanremo-im-sede-decentrata-di-milano",
        "tipologia_istituto": "Accademie di Belle Arti",
        "istituto": "Accademia di Belle Arti Statale legalmente riconosciuta Isadora Duncan - Sanremo (IM)",
        "citta": "Milano",
        "sede": "Decentrata",
        "address": "Via Privata Chioggia, 2, 20125, Milano, Mi, , Italia",
        "status": "Privato",
        "website": "www.accademiabelleartisanremo.it/it/",
        "lat": "45.4998314",
        "lng": "9.2192945"
    },
    {
        "id": "accademia-di-belle-arti-leg-ricon-rosario-gagliardi-di-siracusa",
        "tipologia_istituto": "Accademie di Belle Arti",
        "istituto": "Accademia di Belle Arti Statale legalmente riconosciuta Isadora Duncan (sede decentrata Accademia I. Duncan di SANREMO) - Milano",
        "citta": "Siracusa",
        "sede": "Principale",
        "address": "Via Cairoli, 20, 96100, Siracusa, SR, , Italia",
        "status": "Privato",
        "website": "www.madeprogram.it/",
        "lat": "37.0646531",
        "lng": "15.2879551"
    },
    {
        "id": "libera-accademia-di-belle-arti-laba",
        "tipologia_istituto": "Accademie di Belle Arti",
        "istituto": "Accademia di Belle Arti Statale legalmente riconosciuta Libera Accademia di Belle Arti Statale LABA - Brescia",
        "citta": "Brescia",
        "sede": "Principale",
        "address": "Via Don Giacomo Vender, 66, 25127, Brescia, BS, , Italia",
        "status": "Privato",
        "website": "www.laba.edu",
        "lat": "45.5593936",
        "lng": "10.2036264"
    },
    {
        "id": "accademia-di-belle-arti-lorenzo-da-viterbo",
        "tipologia_istituto": "Accademie di Belle Arti",
        "istituto": "Accademia di Belle Arti Statale legalmente riconosciuta Lorenzo da Viterbo ABAV - Viterbo",
        "citta": "Viterbo",
        "sede": "Principale",
        "address": "Piazza del Plebiscito, 01100, Viterbo, Vt, , Italia",
        "status": "Privato",
        "website": "www.abav.it/",
        "lat": "42.4168437",
        "lng": "12.1051483"
    },
    {
        "id": "accademia-di-belle-arti-legalmente-riconosciuta-di-milano-naba-nuova-accademia-di-belle-arti-sede-roma",
        "tipologia_istituto": "Accademie di Belle Arti",
        "istituto": "Accademia di Belle Arti Statale legalmente riconosciuta Nuova Accademia di Belle Arti Statale NABA - Milano",
        "citta": "Roma",
        "sede": "Principale",
        "address": "Via Ostiense, 92 , 00154, Roma, Rm, , Italia",
        "status": "Privato",
        "website": "www.naba.it",
        "lat": "41.8678630",
        "lng": "12.4791773"
    },
    {
        "id": "nuova-accademia-di-belle-arti-naba",
        "tipologia_istituto": "Accademie di Belle Arti",
        "istituto": "Accademia di Belle Arti Statale legalmente riconosciuta Nuova Accademia di Belle Arti Statale NABA (sede decentrata NABA di MILANO) - Roma",
        "citta": "Milano",
        "sede": "Principale",
        "address": "Via Darwin, 20, 20143, Milano, Mi, , Italia",
        "status": "Privato",
        "lat": "45.4455443",
        "lng": "9.1743922"
    },
    {
        "id": "rome-university-of-fine-arts-rufa",
        "tipologia_istituto": "Accademie di Belle Arti",
        "istituto": "Accademia di Belle Arti Statale legalmente riconosciuta Rome University of Fine Arts RUFA - Roma",
        "citta": "Roma",
        "sede": "Principale",
        "address": "Via Benaco, 2, 00199, Roma, Rm, , Italia",
        "status": "Privato",
        "website": "www.unirufa.it",
        "lat": "41.9238813",
        "lng": "12.5060905"
    },
    {
        "id": "rufa-rome-university-of-fine-arts-sede-decentrata",
        "tipologia_istituto": "Accademie di Belle Arti",
        "istituto": "Accademia di Belle Arti Statale legalmente riconosciuta Rome University of Fine Arts RUFA (sede decentrata RUFA di ROMA) - Milano",
        "citta": "Milano",
        "sede": "Principale",
        "address": "P.Le Lugano, 19, 20158, Milano, Mi, , Italia",
        "status": "Privato",
        "website": "www.unirufa.it/sedi/campus-milano-scalo-farini/",
        "lat": "45.4975743",
        "lng": "9.1657063"
    },
    {
        "id": "accademia-di-belle-arti-leg-ricon-cuneo",
        "tipologia_istituto": "Accademie di Belle Arti",
        "istituto": "Accademia di Belle Arti Statale legalmente riconosciuta Rosario Gagliardi - Siracusa",
        "citta": "Cuneo",
        "sede": "Principale",
        "address": "Piazza Tancredi Galimberti, 12100, Cuneo, Cn, , Italia",
        "status": "Privato",
        "website": "www.accademiabellearticuneo.it",
        "lat": "44.3895006",
        "lng": "7.5477909"
    },
    {
        "id": "accademia-di-belle-arti-santagiulia",
        "tipologia_istituto": "Accademie di Belle Arti",
        "istituto": "Accademia di Belle Arti Statale legalmente riconosciuta SantaGiulia - Brescia",
        "citta": "Brescia",
        "sede": "Principale",
        "address": "Piazza della Loggia, 11, 25121, Brescia, Bs, , Italia",
        "status": "Privato",
        "website": "www.accademiasantagiulia.it",
        "lat": "45.5400283",
        "lng": "10.2200316"
    },
    {
        "id": "accademia-di-costume-e-moda",
        "tipologia_istituto": "Istituti di Design e Moda",
        "istituto": "Accademia di Costume e Moda - Roma",
        "citta": "Roma",
        "sede": "Principale",
        "address": "Via della Rondinella, 2, 00186 Roma, RM, Italia",
        "status": "Privato",
        "website": "www.accademiacostumeemoda.it",
        "lat": "41.9011272",
        "lng": "12.4686260"
    },
    {
        "id": "accademia-di-costume-e-moda-sede-decentrata-di-milano",
        "tipologia_istituto": "Istituti di Design e Moda",
        "istituto": "Accademia di Costume e Moda (sede decentrata Accademia di Costume e Moda di ROMA) - Milano",
        "citta": "Milano",
        "sede": "Principale",
        "address": "Via Antonio Fogazzaro, 23, 20135, Milano, Mi, , Italia",
        "status": "Privato",
        "website": "www.accademiacostumeemoda.it",
        "lat": "45.4576097",
        "lng": "9.2094335"
    },
    {
        "id": "accademia-internazionale-di-teatro",
        "tipologia_istituto": "Istituti di Teatro e Coreutica",
        "istituto": "Accademia Internazionale di Teatro - Roma",
        "citta": "Roma",
        "sede": "Principale",
        "address": "Via Camillo Porzio, 8, 00179, Roma, Rm, , Italia",
        "status": "Privato",
        "website": "www.scuoladiteatro.it",
        "lat": "41.8716855",
        "lng": "12.5166490"
    },
    {
        "id": "accademia-italiana-di-arte-moda-e-design-firenze",
        "tipologia_istituto": "Istituti di Design e Moda",
        "istituto": "Accademia Italiana di Arte, Moda e Design - Firenze",
        "citta": "Firenze",
        "sede": "Principale",
        "address": "Piazza della Signoria, 21 R, 50122, Firenze, Fi, , Italia",
        "status": "Privato",
        "website": "www.accademiaitaliana.com",
        "lat": "43.7700182",
        "lng": "11.2556355"
    },
    {
        "id": "accademia-italiana-di-arte-moda-e-design-roma",
        "tipologia_istituto": "Istituti di Design e Moda",
        "istituto": "Accademia Italiana di Arte, Moda e Design - Roma",
        "citta": "Roma",
        "sede": "Principale",
        "address": "Viale dello Scalo San Lorenzo, 10, 00185 Roma, RM, Italia",
        "status": "Privato",
        "website": "www.accademiaitaliana.com",
        "lat": "41.8931171",
        "lng": "12.5183989"
    },
    {
        "id": "accademia-teatro-alla-scala",
        "tipologia_istituto": "Istituti di Teatro e Coreutica",
        "istituto": "Accademia Teatro alla Scala - Milano",
        "citta": "Milano",
        "sede": "Principale",
        "address": "Via Santa Marta, 18, 20123, Milano, Mi, , Italia",
        "status": "Privato",
        "website": "www.accademialascala.it",
        "lat": "45.4617877",
        "lng": "9.1823933"
    },
    {
        "id": "accademia-del-lusso",
        "tipologia_istituto": "Istituti di Design e Moda",
        "istituto": "ADLM s.r.l. a socio unico Accademia del Lusso - Milano",
        "citta": "Milano",
        "sede": "Principale",
        "address": "Via Montenapoleone, 5, 20121, Milano, Mi, , Italia",
        "status": "Privato",
        "website": "www.accademiadellusso.com",
        "lat": "45.4683000",
        "lng": "9.1952000"
    },
    {
        "id": "accademia-della-moda-milano",
        "tipologia_istituto": "Istituti di Design e Moda",
        "istituto": "ADLM s.r.l. a socio unico Accademia del Lusso (sede decentrata ADLM di MILANO) - Roma",
        "citta": "Milano",
        "sede": "Principale",
        "address": "Via Copernico 3, 20125, Milano, Mi, , Italia",
        "status": "Privato",
        "website": "www.accademiadellusso.com",
        "lat": "45.4870381",
        "lng": "9.1999618"
    },
    {
        "id": "istituto-del-design-matera",
        "tipologia_istituto": "Istituti di Design e Moda",
        "istituto": "Istituto del Design (IFOR s.r.l.) - Matera",
        "citta": "Matera",
        "sede": "Principale",
        "address": "Via Pasquale Vena 66/C, , Mt, 75100, Matera, Ma, , Italia",
        "status": "Privato",
        "website": "www.istitutodeldesign.it",
        "lat": "40.6601928",
        "lng": "16.6064580"
    },
    {
        "id": "istituto-d-arte-applicata-e-design-iaad",
        "tipologia_istituto": "Istituti di Design e Moda",
        "istituto": "Istituto di Arte Applicata e Design (IAAD) - Torino",
        "citta": "Torino",
        "sede": "Principale",
        "address": "Piazza San Carlo, 176, 10121, Torino, To, , Italia",
        "status": "Privato",
        "website": "www.iaad.it",
        "lat": "45.0679702",
        "lng": "7.6820983"
    },
    {
        "id": "accademia-delle-arti-e-nuove-tecnologie",
        "tipologia_istituto": "Accademie di Belle Arti",
        "istituto": "Istituto DUOFIN ART Accademia delle Arti e Nuove Tecnologie - Roma",
        "citta": "Roma",
        "sede": "Principale",
        "address": "Piazza della Rovere, 107, 00165, Roma, Rm, , Italia",
        "status": "Privato",
        "website": "www.accademiadellearti.it/",
        "lat": "41.8995826",
        "lng": "12.4615198"
    },
    {
        "id": "istituto-europeo-del-design-ied",
        "tipologia_istituto": "Istituti di Design e Moda",
        "istituto": "Istituto Europeo del Design (IED) - Cagliari",
        "citta": "Cagliari",
        "sede": "Decentrata",
        "address": "Viale Trento, 39, 09123, Cagliari, CA, Italia",
        "status": "Privato",
        "website": "www.ied.it",
        "lat": "39.2230000",
        "lng": "9.1065000"
    },
    {
        "id": "istituto-europeo-del-design-ied",
        "tipologia_istituto": "Istituti di Design e Moda",
        "istituto": "Istituto Europeo del Design (IED) - Milano",
        "citta": "Milano",
        "sede": "Principale",
        "address": "Via Amatore Sciesa, 4, 20135, Milano, MI",
        "status": "Privato",
        "website": "www.ied.it",
        "lat": "45.4627000",
        "lng": "9.2064000"
    },
    {
        "id": "istituto-europeo-del-design-ied",
        "tipologia_istituto": "Istituti di Design e Moda",
        "istituto": "Istituto Europeo del Design (IED) - Roma",
        "citta": "Roma",
        "sede": "Principale",
        "address": "Via Alcamo, 11, 00182, Roma, RM",
        "status": "Privato",
        "website": "www.ied.it",
        "lat": "41.8894000",
        "lng": "12.5144000"
    },
    {
        "id": "istituto-europeo-del-design-ied",
        "tipologia_istituto": "Istituti di Design e Moda",
        "istituto": "Istituto Europeo del Design (IED) - Torino",
        "citta": "Torino",
        "sede": "Decentrata",
        "address": "Via S. Quintino, 39, 10121, Torino, TO",
        "status": "Privato",
        "website": "www.ied.it",
        "lat": "45.0677551",
        "lng": "7.6824892"
    },
    {
        "id": "istituto-europeo-del-design-ied",
        "tipologia_istituto": "Istituti di Design e Moda",
        "istituto": "Istituto Europeo del Design (IED) (sede decentrata IED MILANO) - Firenze",
        "citta": "Firenze",
        "sede": "Decentrata",
        "address": "Via Maurizio Bufalini, 6, 50122, Firenze",
        "status": "Privato",
        "website": "www.ied.it",
        "lat": "43.7735000",
        "lng": "11.2588000"
    },
    {
        "id": "istituto-italiano-design",
        "tipologia_istituto": "Istituti di Design e Moda",
        "istituto": "Istituto Italiano di Design - Perugia",
        "citta": "Perugia",
        "sede": "Principale",
        "address": "Via Galeazzo Alessi 3/A, 06122, Perugia, Pg, , Italia",
        "status": "Privato",
        "website": "www.istitutoitalianodesign.it/",
        "lat": "43.1121562",
        "lng": "12.3907473"
    },
    {
        "id": "istituto-marangoni",
        "tipologia_istituto": "Istituti di Design e Moda",
        "istituto": "Istituto Marangoni - Milano",
        "citta": "Milano",
        "sede": "Principale",
        "address": "Via Verri, 4, 20121, Milano, Mi, , Italia",
        "status": "Privato",
        "website": "www.istitutomarangoni.com",
        "lat": "45.4276613",
        "lng": "9.0495351"
    },
    {
        "id": "istituto-marangoni",
        "tipologia_istituto": "Istituti di Design e Moda",
        "istituto": "Istituto Marangoni (sede decentrata Istituto Marangoni MILANO) - Firenze",
        "citta": "Firenze",
        "sede": "Decentrata",
        "address": "Via de' Tornabuoni, 17, 50123, Firenze, Fi, , Italia",
        "status": "Privato",
        "website": "www.istitutomarangoni.com",
        "lat": "43.7715000",
        "lng": "11.2505000"
    },
    {
        "id": "istituto-modartech",
        "tipologia_istituto": "Istituti di Design e Moda",
        "istituto": "Istituto Modartech - Pisa",
        "citta": "Pontedera",
        "sede": "Principale",
        "address": "Viale Rinaldo Piaggio, 7, , Pi, 56025, Pontedera, Po, , Italia",
        "status": "Privato",
        "website": "www.modartech.com",
        "lat": "43.6614004",
        "lng": "10.6295127"
    },
    {
        "id": "cpm-music-institute",
        "tipologia_istituto": "Istituti Musicali",
        "istituto": "Istituto Mussida Music Publishing - Milano",
        "citta": "Milano",
        "sede": "Principale",
        "address": "Via Elio Reguzzoni, 15, 20125, Milano, Mi, , Italia",
        "status": "Privato",
        "website": "www.cpm.it",
        "lat": "45.5075340",
        "lng": "9.2033463"
    },
    {
        "id": "istituto-pantheon-design-technology",
        "tipologia_istituto": "Istituti di Design e Moda",
        "istituto": "Istituto Pantheon Design e Technology - Roma",
        "citta": "Roma",
        "sede": "Principale",
        "address": "Via del Pantheon, 57, 00186 Roma, RM, Italia",
        "status": "Privato",
        "website": "www.istitutopantheon.com",
        "lat": "41.8997872",
        "lng": "12.4768054"
    },
    {
        "id": "istituto-parco-scientifico-e-tecnologico-galileo-scpa-scuola-italiana-design-sid",
        "tipologia_istituto": "Istituti di Design e Moda",
        "istituto": "Istituto Parco Scientifico e Tecnologico Galileo SCpA Scuola Italiana Design (SID) - Padova",
        "citta": "Padova",
        "sede": "Principale",
        "address": "Corso Stati Uniti 14 Bis, 35127, Padova, Pd, , Italia",
        "status": "Privato",
        "website": "www.galileovd.it",
        "lat": "45.3951622",
        "lng": "11.9302126"
    },
    {
        "id": "istituto-poliarte-ancona",
        "tipologia_istituto": "Accademie di Belle Arti",
        "istituto": "Istituto Poliarte - Ancona",
        "citta": "Ancona",
        "sede": "Principale",
        "address": "Via Miano, 41 A/B, 60125, Ancona, An, , Italia",
        "status": "Privato",
        "website": "www.poliarte.net",
        "lat": "43.6066245",
        "lng": "13.5099099"
    },
    {
        "id": "istituto-secoli",
        "tipologia_istituto": "Istituti di Design e Moda",
        "istituto": "Istituto Secoli - Milano",
        "citta": "Milano",
        "sede": "Principale",
        "address": "Viale Vittorio Veneto 18/A, 00000, Milano, Mi, , Italia",
        "status": "Privato",
        "website": "www.secoli.com",
        "lat": "45.5247729",
        "lng": "9.3683994"
    },
    {
        "id": "libera-accademia-di-belle-arti-di-firenze",
        "tipologia_istituto": "Accademie di Belle Arti",
        "istituto": "Libera Accademia di Belle Arti Statale di Firenze - Firenze",
        "citta": "Firenze",
        "sede": "Principale",
        "address": "Piazza di Badia A Ripoli 1/A, 50126, Firenze, Fi, , Italia",
        "status": "Privato",
        "website": "www.laba.biz",
        "lat": "43.7556414",
        "lng": "11.2985995"
    },
    {
        "id": "libera-accademia-di-belle-arti-di-rimini",
        "tipologia_istituto": "Accademie di Belle Arti",
        "istituto": "Libera Accademia di Belle Arti Statale di Rimini - Rimini",
        "citta": "Rimini",
        "sede": "Principale",
        "address": "Via Roma, 64B, 47921, Rimini, Rn, , Italia",
        "status": "Privato",
        "website": "www.accademia.rimini.it",
        "lat": "44.0620718",
        "lng": "12.5745920"
    },
    {
        "id": "istituto-quasar-quasar-institute-for-advanced-design",
        "tipologia_istituto": "Istituti di Design e Moda",
        "istituto": "Quasar progetto S.R.L. - Roma",
        "citta": "Roma",
        "sede": "Principale",
        "address": "Via Crescenzio, 17/A, 00193, Roma, Rm, , Italia",
        "status": "Privato",
        "website": "www.quasarinstitute.it",
        "lat": "41.9053413",
        "lng": "12.4675403"
    },
    {
        "id": "raffles-milano-istituto-moda-e-design",
        "tipologia_istituto": "Istituti di Design e Moda",
        "istituto": "Raffles Istituto Moda e Design - Milano",
        "citta": "Milano",
        "sede": "Principale",
        "address": "Via Felice Casati, 16 – 20124 – Milano",
        "status": "Privato",
        "website": "www.rafflesmilano.it",
        "lat": "45.4784738",
        "lng": "9.2044650"
    },
    {
        "id": "sae-institute-creative-media-education",
        "tipologia_istituto": "Istituti di Design e Moda",
        "istituto": "SAE Italia International Technology College - Milano",
        "citta": "Milano",
        "sede": "Principale",
        "address": "Via Trentacoste, 14, 20134, Milano, Mi, , Italia",
        "status": "Privato",
        "lat": "45.4727782",
        "lng": "9.2420901"
    },
    {
        "id": "saint-louis-music-center-college-of-music-di-roma",
        "tipologia_istituto": "Altro",
        "istituto": "Saint Louis Music Center, College of Music - Roma",
        "citta": "Roma",
        "sede": "Principale",
        "address": "Via Baccina, 47, 00184 Roma, RM, Italia",
        "status": "Privato",
        "website": "www.slmc.it",
        "lat": "41.8948917",
        "lng": "12.4901637"
    },
    {
        "id": "saint-louis-music-center-college-of-music-di-milano",
        "tipologia_istituto": "Altro",
        "istituto": "Saint Louis Music Center, College of Music (sede decentrata Saint Louis Music Center di ROMA) - Milano",
        "citta": "Milano",
        "sede": "Decentrata",
        "address": "Viale L. Bodio, 37, 20158, Milano, Mi, Italia",
        "status": "Privato",
        "website": "www.slmc.it",
        "lat": "45.4988000",
        "lng": "9.1672000"
    },
    {
        "id": "scuola-del-teatro-musicale-stm",
        "tipologia_istituto": "Istituti di Teatro e Coreutica",
        "istituto": "Scuola del Teatro Musicale - Novara",
        "citta": "Novara",
        "sede": "Principale",
        "address": "Piazza Martiri della Libertà 2 , 28100, Novara, No, , Italia",
        "status": "Privato",
        "website": "www.scuolateatromusicale.it",
        "lat": "45.4452698",
        "lng": "8.6180529"
    },
    {
        "id": "scuola-di-musica-di-fiesole",
        "tipologia_istituto": "Istituti Musicali",
        "istituto": "Scuola di Musica di Fiesole - Fiesole (FI)",
        "citta": "Fiesole",
        "sede": "Principale",
        "address": "Piazza Mino da Fiesole, 32a, 50014, Fiesole, Fi, , Italia",
        "status": "Privato",
        "website": "www.scuolamusicafiesole.it",
        "lat": "43.8064116",
        "lng": "11.2929501"
    },
    {
        "id": "accademia-siena-jazz",
        "tipologia_istituto": "Istituti Musicali",
        "istituto": "Siena Jazz Accademia Nazionale del Jazz - Siena",
        "citta": "Siena",
        "sede": "Principale",
        "address": "Il Campo, 53100, Siena, Si, , Italia",
        "status": "Privato",
        "website": "www.sienajazz.it/",
        "lat": "43.3189467",
        "lng": "11.3316569"
    },
    {
        "id": "the-bernstein-school-of-musical-theater",
        "tipologia_istituto": "Istituti di Teatro e Coreutica",
        "istituto": "The Bernstein School of Musical Theater - Bologna",
        "citta": "Bologna",
        "sede": "Principale",
        "address": "Via Paolo Nanni Costa 12/6, 40133, Bologna, Bo, , Italia",
        "status": "Privato",
        "website": "www.bsmt.it/",
        "lat": "44.5073503",
        "lng": "11.3066727"
    },
    {
        "id": "accademia-di-belle-arti-trentino-art-academy",
        "tipologia_istituto": "Accademie di Belle Arti",
        "istituto": "Trentino Art Academy - Trento",
        "citta": "Trento",
        "sede": "Principale",
        "address": "Via del Brennero, 316, 38121, Trento, Tn, , Italia",
        "status": "Privato",
        "website": "www.trentinoartacademy.it",
        "lat": "46.0903634",
        "lng": "11.1169593"
    },
    {
        "id": "accademia-di-belle-arti-di-bari",
        "tipologia_istituto": "Accademie di Belle Arti",
        "istituto": "Accademia di Belle Arti Statale - Bari",
        "citta": "Bari",
        "sede": "Principale",
        "address": "Viatenente Gaetano De Vito Francesco. 2/N17, 70124, Bari, Ba, , Italia",
        "status": "Pubblico",
        "website": "www.accademiabelleartiba.it/",
        "lat": "41.1111309",
        "lng": "16.8763707"
    },
    {
        "id": "accademia-di-belle-arti-di-bologna",
        "tipologia_istituto": "Accademie di Belle Arti",
        "istituto": "Accademia di Belle Arti Statale - Bologna",
        "citta": "Bologna",
        "sede": "Principale",
        "address": "Via delle Belle Arti, 54, 40126, Bologna, Bo, , Italia",
        "status": "Pubblico",
        "website": "www.ababo.it",
        "lat": "44.4977800",
        "lng": "11.3530204"
    },
    {
        "id": "accademia-di-belle-arti-statale-di-carrara",
        "tipologia_istituto": "Accademie di Belle Arti",
        "istituto": "Accademia di Belle Arti Statale - Carrara",
        "citta": "Carrara",
        "sede": "Principale",
        "address": "Via Roma, 1, , Ms, 54033, Carrara, Ca, , Italia",
        "status": "Pubblico",
        "website": "www.accademiacarrara.it",
        "lat": "44.0784425",
        "lng": "10.0994230"
    },
    {
        "id": "accademia-di-belle-arti-di-catania",
        "tipologia_istituto": "Accademie di Belle Arti",
        "istituto": "Accademia di Belle Arti Statale - Catania",
        "citta": "Catania",
        "sede": "Principale",
        "address": "Via del Bosco 34/A, 95125, Catania, Ct, , Italia",
        "status": "Pubblico",
        "website": "www.abacatania.it",
        "lat": "37.5300133",
        "lng": "15.0788389"
    },
    {
        "id": "accademia-di-belle-arti-statale-di-catanzaro",
        "tipologia_istituto": "Accademie di Belle Arti",
        "istituto": "Accademia di Belle Arti Statale - Catanzaro",
        "citta": "Catanzaro",
        "sede": "Principale",
        "address": "Via Tommaso Campanella, 182 (Mater Domini), 88100, Catanzaro, Cz, , Italia",
        "status": "Pubblico",
        "website": "www.abacatanzaro.it",
        "lat": "38.9173324",
        "lng": "16.5688438"
    },
    {
        "id": "accademia-di-belle-arti-di-firenze",
        "tipologia_istituto": "Accademie di Belle Arti",
        "istituto": "Accademia di Belle Arti Statale - Firenze",
        "citta": "Firenze",
        "sede": "Principale",
        "address": "Via Ricasoli, 66, 50122, Firenze, Fi, , Italia",
        "status": "Pubblico",
        "website": "www.accademia.firenze.it",
        "lat": "43.7762373",
        "lng": "11.2581792"
    },
    {
        "id": "accademia-di-belle-arti-di-foggia",
        "tipologia_istituto": "Accademie di Belle Arti",
        "istituto": "Accademia di Belle Arti Statale - Foggia",
        "citta": "Foggia",
        "sede": "Principale",
        "address": "Corso Garibaldi, 35, 71100, Foggia, Fg, , Italia",
        "status": "Pubblico",
        "website": "www.abafg.it",
        "lat": "41.7841930",
        "lng": "15.4422824"
    },
    {
        "id": "accademia-di-belle-arti-statale-di-frosinone",
        "tipologia_istituto": "Accademie di Belle Arti",
        "istituto": "Accademia di Belle Arti Statale - Frosinone",
        "citta": "Frosinone",
        "sede": "Principale",
        "address": "Via Marconi, 03100, Frosinone, Fr, , Italia",
        "status": "Pubblico",
        "website": "www.accademiabellearti.fr.it",
        "lat": "41.5775271",
        "lng": "13.6059872"
    },
    {
        "id": "accademia-di-belle-arti-statale-di-l-aquila",
        "tipologia_istituto": "Accademie di Belle Arti",
        "istituto": "Accademia di Belle Arti Statale - L'Aquila",
        "citta": "L'Aquila",
        "sede": "Principale",
        "address": "Via Gaglioffi, 18, 67100, L'Aquila, Aq, , Italia",
        "status": "Pubblico",
        "website": "www.abaq.it",
        "lat": "42.3505221",
        "lng": "13.3964753"
    },
    {
        "id": "accademia-di-belle-arti-statale-di-lecce",
        "tipologia_istituto": "Accademie di Belle Arti",
        "istituto": "Accademia di Belle Arti Statale - Lecce",
        "citta": "Lecce",
        "sede": "Principale",
        "address": "Via Libertini, 3, 73100, Lecce, Le, , Italia",
        "status": "Pubblico",
        "website": "www.accademialecce.edu.it/",
        "lat": "40.3512613",
        "lng": "18.1646249"
    },
    {
        "id": "accademia-di-belle-arti-statale-di-macerata",
        "tipologia_istituto": "Accademie di Belle Arti",
        "istituto": "Accademia di Belle Arti Statale - Macerata",
        "citta": "Macerata",
        "sede": "Principale",
        "address": "Via Berardi 6, 62100, Macerata, Mc, , Italia",
        "status": "Pubblico",
        "website": "www.abamc.it",
        "lat": "43.3010295",
        "lng": "13.4508955"
    },
    {
        "id": "accademia-di-belle-arti-statale-di-napoli",
        "tipologia_istituto": "Accademie di Belle Arti",
        "istituto": "Accademia di Belle Arti Statale - Napoli",
        "citta": "Napoli",
        "sede": "Principale",
        "address": "Via S.P. A Majella, 35, 80138, Napoli, Na, , Italia",
        "status": "Pubblico",
        "website": "www.abana.it",
        "lat": "40.8358846",
        "lng": "14.2487679"
    },
    {
        "id": "accademia-di-belle-arti-statale-di-palermo",
        "tipologia_istituto": "Accademie di Belle Arti",
        "istituto": "Accademia di Belle Arti Statale - Palermo",
        "citta": "Palermo",
        "sede": "Principale",
        "address": "Via Papireto, 18/20, 90134, Palermo, Pa, , Italia",
        "status": "Pubblico",
        "website": "www.accademiadipalermo.it",
        "lat": "38.1163595",
        "lng": "13.3522738"
    },
    {
        "id": "accademia-di-belle-arti-statale-di-ravenna",
        "tipologia_istituto": "Accademie di Belle Arti",
        "istituto": "Accademia di Belle Arti Statale - Ravenna",
        "citta": "Ravenna",
        "sede": "Principale",
        "address": "Via delle Industrie, 76, 48122, Ravenna, Ra, , Italia",
        "status": "Pubblico",
        "website": "www.abaravenna.it",
        "lat": "44.4262085",
        "lng": "12.2137298"
    },
    {
        "id": "accademia-di-belle-arti-di-reggio-calabria",
        "tipologia_istituto": "Accademie di Belle Arti",
        "istituto": "Accademia di Belle Arti Statale - Reggio Calabria",
        "citta": "Reggio Calabria",
        "sede": "Principale",
        "address": "Via XXV Luglio, 10, REGGIO DI CALABRIA, RC, 89121, Reggio Calabria, Rc, , Italia",
        "status": "Pubblico",
        "website": "www.abarc.it",
        "lat": "38.2618287",
        "lng": "15.8558228"
    },
    {
        "id": "accademia-di-belle-arti-di-roma",
        "tipologia_istituto": "Accademie di Belle Arti",
        "istituto": "Accademia di Belle Arti Statale - Roma",
        "citta": "Roma",
        "sede": "Principale",
        "address": "Via Ripetta, 222, 00186, Roma, Rm, , Italia",
        "status": "Pubblico",
        "website": "www.abaroma.it/",
        "lat": "41.9080000",
        "lng": "12.4764000"
    },
    {
        "id": "accademia-di-belle-arti-statale-di-urbino",
        "tipologia_istituto": "Accademie di Belle Arti",
        "istituto": "Accademia di Belle Arti Statale - Urbino (PU)",
        "citta": "Urbino",
        "sede": "Principale",
        "address": "Via Dei Maceri, 21, , Pu, 61029, Urbino, Ur, , Italia",
        "status": "Pubblico",
        "website": "www.accademiadiurbino.it",
        "lat": "43.7275794",
        "lng": "12.6341966"
    },
    {
        "id": "accademia-di-belle-arti-di-venezia",
        "tipologia_istituto": "Accademie di Belle Arti",
        "istituto": "Accademia di Belle Arti Statale - Venezia",
        "citta": "Venezia",
        "sede": "Principale",
        "address": "Dorsoduro 423, 30123, Venezia, Ve, , Italia",
        "status": "Pubblico",
        "website": "www.accademiavenezia.it/",
        "lat": "45.4331323",
        "lng": "12.3190338"
    },
    {
        "id": "accademia-di-belle-arti-statale-di-verona",
        "tipologia_istituto": "Accademie di Belle Arti",
        "istituto": "Accademia di Belle Arti Statale - Verona",
        "citta": "Verona",
        "sede": "Principale",
        "address": "Via C. Montanari, 5, 37122, Verona, Vr, , Italia",
        "status": "Pubblico",
        "website": "www.accademiabelleartiverona.it/it/",
        "lat": "45.4989147",
        "lng": "10.9390044"
    },
    {
        "id": "accademia-di-belle-arti-statale-di-torino-albertina",
        "tipologia_istituto": "Accademie di Belle Arti",
        "istituto": "Accademia di Belle Arti Statale ALBERTINA - Torino",
        "citta": "Torino",
        "sede": "Principale",
        "address": "Via Accademia Albertina, 6, 10123, Torino, To, , Italia",
        "status": "Pubblico",
        "website": "www.albertina.academy",
        "lat": "45.0675807",
        "lng": "7.6897297"
    },
    {
        "id": "accademia-di-belle-arti-statale-di-milano-brera",
        "tipologia_istituto": "Accademie di Belle Arti",
        "istituto": "Accademia di Belle Arti Statale BRERA - Milano",
        "citta": "Milano",
        "sede": "Principale",
        "address": "Via Brera, 28, 20121, Milano, Mi, , Italia",
        "status": "Pubblico",
        "website": "www.accademiadibrera.milano.it",
        "lat": "45.4722421",
        "lng": "9.1884071"
    },
    {
        "id": "accademia-di-belle-arti-statale-di-genova",
        "tipologia_istituto": "Accademie di Belle Arti",
        "istituto": "Accademia di Belle Arti Statale Ligustica - Genova",
        "citta": "Genova",
        "sede": "Principale",
        "address": "Largo Pertini, 4, 16121, Genova, Ge, , Italia",
        "status": "Pubblico",
        "website": "www.accademialigustica.it/",
        "lat": "44.4076284",
        "lng": "8.9348449"
    },
    {
        "id": "accademia-di-belle-arti-di-sassari",
        "tipologia_istituto": "Accademie di Belle Arti",
        "istituto": "Accademia di Belle Arti Statale Mario Sironi - Sassari",
        "citta": "Sassari",
        "sede": "Principale",
        "address": "Via Duca Degli Abruzzi, 4, 07100, Sassari, Ss, , Italia",
        "status": "Pubblico",
        "website": "www.accademiasironi.it",
        "lat": "40.7176102",
        "lng": "8.5702339"
    },
    {
        "id": "accademia-di-belle-arti-statale-di-perugia",
        "tipologia_istituto": "Accademie di Belle Arti",
        "istituto": "Accademia di Belle Arti Statale Pietro Vannucci - Perugia",
        "citta": "Perugia",
        "sede": "Principale",
        "address": "Via San Francesco, 5, 06123, Perugia, Pg, , Italia",
        "status": "Pubblico",
        "website": "www.abaperugia.org",
        "lat": "43.1130349",
        "lng": "12.3844100"
    },
    {
        "id": "accademia-nazionale-d-arte-drammatica-silvio-d-amico",
        "tipologia_istituto": "Accademie Nazionali",
        "istituto": "Accademia Nazionale di Arte Drammatica Silvio D'Amico - Roma",
        "citta": "Roma",
        "sede": "Principale",
        "address": "Via Vincenzo Bellini, 16, 00198, Roma, Rm, , Italia",
        "status": "Pubblico",
        "website": "www.accademiasilviodamico.it",
        "lat": "41.9200518",
        "lng": "12.4937857"
    },
    {
        "id": "accademia-nazionale-di-danza",
        "tipologia_istituto": "Accademie Nazionali",
        "istituto": "Accademia Nazionale di Danza - Roma",
        "citta": "Roma",
        "sede": "Principale",
        "address": "Largo Arrigo Vii , 5, 00154, Roma, Rm, , Italia",
        "status": "Pubblico",
        "website": "www.accademianazionaledanza.it",
        "lat": "41.8839516",
        "lng": "12.4831017"
    },
    {
        "id": "civica-scuola-cinema-luchino-visconti",
        "tipologia_istituto": "Altro",
        "istituto": "Civica Scuola di Cinema Luchino Visconti",
        "citta": "Milano",
        "sede": "Principale",
        "address": "Viale Fulvio Testi, 121, 20162, Milano",
        "status": "Pubblico",
        "website": "https://cinema.fondazionemilano.eu/",
        "lat": "45.5135671",
        "lng": "9.2040168"
    },
    {
        "id": "civica-scuola-di-musica-claudio-abbado",
        "tipologia_istituto": "Altro",
        "istituto": "Civica Scuola di Musica - Milano",
        "citta": "Milano",
        "sede": "Principale",
        "address": "Via Stilicone, 36, 20154, Milano",
        "status": "Pubblico",
        "website": "https://musica.fondazionemilano.eu/",
        "lat": "45.4911150",
        "lng": "9.1683073"
    },
    {
        "id": "civica-scuola-teratro-paolo-grassi",
        "tipologia_istituto": "Altro",
        "istituto": "Civica Scuola di Teatro Paolo Grassi - Milano",
        "citta": "Milano",
        "sede": "Principale",
        "address": "Via Salasco, 4, 20136, Milano",
        "status": "Pubblico",
        "website": "https://teatro.fondazionemilano.eu/",
        "lat": "45.4500411",
        "lng": "9.1925468"
    },
    {
        "id": "civica-scuola-interpreti-traduttori-altiero-spinelli",
        "tipologia_istituto": "Altro",
        "istituto": "Civica Scuola Interpreti e Traduttori Altiero Spinelli",
        "citta": "Milano",
        "sede": "Principale",
        "address": "Via Francesco Carchidio, 2, 20144, Milano",
        "status": "Pubblico",
        "website": "https://lingue.fondazionemilano.eu/",
        "lat": "45.4558459",
        "lng": "9.1719563"
    },
    {
        "id": "conservatorio-statale-di-musica-reggio-emilia-e-castelnuovo-n-monti-achille-peri-e-claudio-merulo",
        "tipologia_istituto": "Conservatori di Musica e ISSM",
        "istituto": "Conservatorio di Musica statale - Reggio Emilia e Castelnovo Ne' Monti (RE)",
        "citta": "Reggio Emilia",
        "sede": "Principale",
        "address": "Via Dante Alighieri, 11, 42121, Reggio Emilia, RE, , Italia",
        "status": "Pubblico",
        "website": "www.peri-merulo.it/",
        "lat": "44.6989596",
        "lng": "10.6371242"
    },
    {
        "id": "conservatorio-statale-di-musica-castelfranco-veneto-tv-agostino-steffani",
        "tipologia_istituto": "Conservatori di Musica e ISSM",
        "istituto": "Conservatorio di Musica statale Agostino Steffani - Castelfranco Veneto (TV)",
        "citta": "Castelfranco Veneto",
        "sede": "Principale",
        "address": "Via Garibaldi, 25, 31033, Castelfranco Veneto, Tv, , Italia",
        "status": "Pubblico",
        "website": "WWW.CONSCFV.IT",
        "lat": "45.6721161",
        "lng": "11.9248433"
    },
    {
        "id": "conservatorio-statale-di-musica-palermo-alessandro-scarlatti",
        "tipologia_istituto": "Conservatori di Musica e ISSM",
        "istituto": "Conservatorio di Musica statale Alessandro Scarlatti - Palermo",
        "citta": "Palermo",
        "sede": "Principale",
        "address": "Via Papireto, 18/20, 90134, Palermo, Pa, , Italia",
        "status": "Pubblico",
        "website": "www.conservatoriopalermo.it/",
        "lat": "38.1163595",
        "lng": "13.3522738"
    },
    {
        "id": "conservatorio-statale-di-musica-l-aquila-alfredo-casella",
        "tipologia_istituto": "Conservatori di Musica e ISSM",
        "istituto": "Conservatorio di Musica statale Alfredo Casella - L'Aquila",
        "citta": "L'Aquila",
        "sede": "Principale",
        "address": "Via Francesco Savini, snc, 67100, L'Aquila, AQ, , Italia",
        "status": "Pubblico",
        "website": "www.consaq.it",
        "lat": "42.3552134",
        "lng": "13.4151297"
    },
    {
        "id": "conservatorio-statale-di-musica-adria-ro-antonio-buzzolla",
        "tipologia_istituto": "Conservatori di Musica e ISSM",
        "istituto": "Conservatorio di Musica statale Antonio Buzzolla - Adria (RO)",
        "citta": "Adria",
        "sede": "Principale",
        "address": "Viale Maddalena, 2, 45011, Adria, RO, , Italia",
        "status": "Pubblico",
        "website": "www.conservatorioadria.it",
        "lat": "45.0591181",
        "lng": "12.0547219"
    },
    {
        "id": "conservatorio-statale-di-musica-trapani-antonio-scontrino",
        "tipologia_istituto": "Conservatori di Musica e ISSM",
        "istituto": "Conservatorio di Musica statale Antonio Scontrino - Trapani",
        "citta": "Trapani",
        "sede": "Principale",
        "address": "Via Francesco Sceusa, 1, 91100, Trapani, Tp, , Italia",
        "status": "Pubblico",
        "website": "www.constp.it",
        "lat": "38.0123644",
        "lng": "12.5649772"
    },
    {
        "id": "conservatorio-di-musica-dalessandria",
        "tipologia_istituto": "Conservatori di Musica e ISSM",
        "istituto": "Conservatorio di Musica statale Antonio Vivaldi - Alessandria",
        "citta": "Alessandria",
        "sede": "Principale",
        "address": "Via Parma, 1, 15121, Alessandria, Al, , Italia",
        "status": "Pubblico",
        "website": "www.conservatoriovivaldi.it/",
        "lat": "44.9124642",
        "lng": "8.6173157"
    },
    {
        "id": "conservatorio-statale-di-musica-messina-arcangelo-corelli",
        "tipologia_istituto": "Conservatori di Musica e ISSM",
        "istituto": "Conservatorio di Musica statale Arcangelo Corelli - Messina",
        "citta": "Messina",
        "sede": "Principale",
        "address": "Via Bonino, 1, 98100, Messina, Me, , Italia",
        "status": "Pubblico",
        "website": "www.consme.it",
        "lat": "38.1657684",
        "lng": "15.5417453"
    },
    {
        "id": "conservatorio-statale-di-musica-parma-arrigo-boito",
        "tipologia_istituto": "Conservatori di Musica e ISSM",
        "istituto": "Conservatorio di Musica statale Arrigo Boito - Parma",
        "citta": "Parma",
        "sede": "Principale",
        "address": "Strada del Conservatorio, 27a, 43121, Parma, Pr, , Italia",
        "status": "Pubblico",
        "website": "www.conservatorio.pr.it",
        "lat": "44.7997093",
        "lng": "10.3247558"
    },
    {
        "id": "conservatorio-statale-di-musica-vicenza-arrigo-pedrollo",
        "tipologia_istituto": "Conservatori di Musica e ISSM",
        "istituto": "Conservatorio di Musica statale Arrigo Pedrollo - Vicenza",
        "citta": "Vicenza",
        "sede": "Principale",
        "address": "Contrà.Domenico,33, 36100, Vicenza, Vi, , Italia",
        "status": "Pubblico",
        "website": "www.consvi.it/",
        "lat": "45.5506780",
        "lng": "11.5541860"
    },
    {
        "id": "conservatorio-statale-di-musica-ribera-ag-arturo-toscanini",
        "tipologia_istituto": "Conservatori di Musica e ISSM",
        "istituto": "Conservatorio di Musica statale Arturo Toscanini - Ribera (AG)",
        "citta": "Ribera",
        "sede": "Principale",
        "address": "Corso Umberto I, 359, , Ag, 92016, Ribera, Ri, , Italia",
        "status": "Pubblico",
        "website": "www.conservatoriotoscanini.it/",
        "lat": "37.5046950",
        "lng": "13.2722009"
    },
    {
        "id": "conservatorio-statale-di-musica-cesena-e-rimini-bruno-maderna-giovanni-lettimi",
        "tipologia_istituto": "Conservatori di Musica e ISSM",
        "istituto": "Conservatorio di Musica statale B. Maderna – G. Lettimi - Cesena (FC) e Rimini",
        "citta": "Cesena / Rimini",
        "sede": "Principale",
        "address": "Corso Comandini, 1, 47521, Cesena, FC, , Italia",
        "status": "Pubblico",
        "website": "www.madernalettimi.it",
        "lat": "44.1373292",
        "lng": "12.2531247"
    },
    {
        "id": "conservatorio-statale-di-musica-venezia-benedetto-marcello",
        "tipologia_istituto": "Conservatori di Musica e ISSM",
        "istituto": "Conservatorio di Musica statale Benedetto Marcello Palazzo Pisani - Venezia",
        "citta": "Venezia",
        "sede": "Principale",
        "address": "San Marco, 2810, 30124, Venezia, Ve, , Italia",
        "status": "Pubblico",
        "website": "www.conservatoriovenezia.eu",
        "lat": "45.4323575",
        "lng": "12.3304966"
    },
    {
        "id": "conservatorio-statale-di-musica-padova-cesare-pollini",
        "tipologia_istituto": "Conservatori di Musica e ISSM",
        "istituto": "Conservatorio di Musica statale Cesare Pollini - Padova",
        "citta": "Padova",
        "sede": "Principale",
        "address": "Via Eremitani, 6, 35100, Padova, Pd, , Italia",
        "status": "Pubblico",
        "website": "www.conservatoriopollini.it/",
        "lat": "45.4091816",
        "lng": "11.8789892"
    },
    {
        "id": "conservatorio-statale-di-musica-cremona-claudio-monteverdi",
        "tipologia_istituto": "Conservatori di Musica e ISSM",
        "istituto": "Conservatorio di Musica statale Claudio Monteverdi - Cremona",
        "citta": "Cremona",
        "sede": "Principale",
        "address": "Via Realdo Colombo, 1, 26100, Cremona, Cr, , Italia",
        "status": "Pubblico",
        "website": "www.conscremona.it/",
        "lat": "45.1311839",
        "lng": "10.0273548"
    },
    {
        "id": "conservatorio-statale-di-musica-bolzano-bozen-claudio-monteverdi",
        "tipologia_istituto": "Conservatori di Musica e ISSM",
        "istituto": "Conservatorio di Musica statale Claudio Monteverdi - Bolzano",
        "citta": "Bolzano",
        "sede": "Principale",
        "address": "P.Zza Domenicani, 19, 39100, Bolzano - Bozen, Bz, , Italia",
        "status": "Pubblico",
        "website": "www.cons.bz.it",
        "lat": "46.4976732",
        "lng": "11.3515688"
    },
    {
        "id": "conservatorio-statale-di-musica-avellino-domenico-cimarosa",
        "tipologia_istituto": "Conservatori di Musica e ISSM",
        "istituto": "Conservatorio di Musica statale Domenico Cimarosa - Avellino",
        "citta": "Avellino",
        "sede": "Principale",
        "address": "Via Circumvallazione, 156, 83100, Avellino, AV, , Italia",
        "status": "Pubblico",
        "website": "www.conservatoriocimarosa.org",
        "lat": "40.9161793",
        "lng": "14.8012267"
    },
    {
        "id": "conservatorio-statale-di-musica-matera-egidio-romualdo-duni",
        "tipologia_istituto": "Conservatori di Musica e ISSM",
        "istituto": "Conservatorio di Musica statale Egidio R. Duni - Matera",
        "citta": "Matera",
        "sede": "Principale",
        "address": "P.Zza del Sedile, , Mt, 75100, Matera, Ma, , Italia",
        "status": "Pubblico",
        "website": "www.conservatoriomatera.it",
        "lat": "40.6655731",
        "lng": "16.6097780"
    },
    {
        "id": "conservatorio-statale-di-musica-vibo-valentia-fausto-torrefranca",
        "tipologia_istituto": "Conservatori di Musica e ISSM",
        "istituto": "Conservatorio di Musica statale Fausto Torrefranca - Vibo Valentia",
        "citta": "Vibo Valentia",
        "sede": "Principale",
        "address": "Via Affaccio, 88018, Vibo Valentia, Vv, , Italia",
        "status": "Pubblico",
        "website": "www.consvv.it",
        "lat": "38.6261714",
        "lng": "15.8630754"
    },
    {
        "id": "conservatorio-statale-di-musica-verona-evaristo-felice-dall-abaco",
        "tipologia_istituto": "Conservatori di Musica e ISSM",
        "istituto": "Conservatorio di Musica statale Felice E. Dall'Abaco - Verona",
        "citta": "Verona",
        "sede": "Principale",
        "address": "Via C. Montanari, 5, 37122, Verona, Vr, , Italia",
        "status": "Pubblico",
        "website": "www.conservatorioverona.it",
        "lat": "45.4989147",
        "lng": "10.9390044"
    },
    {
        "id": "conservatorio-di-musica-di-trento-sez-riva-del-garda",
        "tipologia_istituto": "Conservatori di Musica e ISSM",
        "istituto": "Conservatorio di Musica statale Francesco A. Bonporti (sezione staccata RIVA DEL GARDA (TN)) - Trento",
        "citta": "Riva del Garda",
        "sede": "Principale",
        "address": "Largo Guglielmo Marconi, 5, RIVA DEL GARDA, TN, 38066, Trento, Tn, , Italia",
        "status": "Pubblico",
        "website": "www.conservatorio.tn.it/",
        "lat": "45.8888242",
        "lng": "10.8429772"
    },
    {
        "id": "conservatorio-statale-di-musica-trento-francesco-antonio-bonporti",
        "tipologia_istituto": "Conservatori di Musica e ISSM",
        "istituto": "Conservatorio di Musica statale Francesco Antonio Bonporti - Trento",
        "citta": "Trento",
        "sede": "Principale",
        "address": "Via S.Maria Maddalena, 38100, Trento, Tn, , Italia",
        "status": "Pubblico",
        "website": "www.conservatorio.tn.it/",
        "lat": "46.0685654",
        "lng": "11.1255906"
    },
    {
        "id": "conservatorio-statale-di-musica-reggio-calabria-francesco-cilea",
        "tipologia_istituto": "Conservatori di Musica e ISSM",
        "istituto": "Conservatorio di Musica statale Francesco Cilea - Reggio Calabria",
        "citta": "Reggio Calabria",
        "sede": "Principale",
        "address": "Via Giuseppe Reale, 1, 89123, Reggio Calabria, RC, , Italia",
        "status": "Pubblico",
        "website": "www.conservatoriocilea.it",
        "lat": "38.1178928",
        "lng": "15.6578576"
    },
    {
        "id": "conservatorio-statale-di-musica-perugia-francesco-morlacchi",
        "tipologia_istituto": "Conservatori di Musica e ISSM",
        "istituto": "Conservatorio di Musica statale Francesco Morlacchi - Perugia",
        "citta": "Perugia",
        "sede": "Principale",
        "address": "Via San Francesco, 5, 06123, Perugia, Pg, , Italia",
        "status": "Pubblico",
        "website": "www.conservatorioperugia.it",
        "lat": "43.1130349",
        "lng": "12.3844100"
    },
    {
        "id": "conservatorio-statale-di-musica-rovigo-francesco-venezze",
        "tipologia_istituto": "Conservatori di Musica e ISSM",
        "istituto": "Conservatorio di Musica statale Francesco Venezze - Rovigo",
        "citta": "Rovigo",
        "sede": "Principale",
        "address": "Corso del Popolo, 241, 45100, Rovigo, Ro, , Italia",
        "status": "Pubblico",
        "website": "www.conservatoriorovigo.it",
        "lat": "45.0695569",
        "lng": "11.7913368"
    },
    {
        "id": "conservatorio-statale-di-musica-pavia-franco-vittadini",
        "tipologia_istituto": "Conservatori di Musica e ISSM",
        "istituto": "Conservatorio di Musica statale Franco Vittadini - Pavia",
        "citta": "Pavia",
        "sede": "Principale",
        "address": "Via Alessandro Volta, 31, 27100, Pavia, PV, , Italia",
        "status": "Pubblico",
        "website": "www.conspv.it",
        "lat": "45.1863517",
        "lng": "9.1621432"
    },
    {
        "id": "conservatorio-statale-di-musica-cuneo-giorgio-federico-ghedini",
        "tipologia_istituto": "Conservatori di Musica e ISSM",
        "istituto": "Conservatorio di Musica statale G.F. Ghedini - Cuneo",
        "citta": "Cuneo",
        "sede": "Principale",
        "address": "Via Roma, 19, 12100, Cuneo, CN, , Italia",
        "status": "Pubblico",
        "lat": "44.3931767",
        "lng": "7.5517030"
    },
    {
        "id": "conservatorio-statale-di-musica-potenza-gesualdo-da-venosa",
        "tipologia_istituto": "Conservatori di Musica e ISSM",
        "istituto": "Conservatorio di Musica statale Gesualdo da Venosa - Potenza",
        "citta": "Potenza",
        "sede": "Principale",
        "address": "Via Tammone, 1, 85100, Potenza, Pz, , Italia",
        "status": "Pubblico",
        "website": "www.conservatoriopotenza.it",
        "lat": "40.6392267",
        "lng": "15.7922390"
    },
    {
        "id": "conservatorio-statale-di-musica-gallarate-va-giacomo-puccini",
        "tipologia_istituto": "Conservatori di Musica e ISSM",
        "istituto": "Conservatorio di Musica statale Giacomo Puccini - Gallarate (VA)",
        "citta": "Gallarate",
        "sede": "Principale",
        "address": "Via Dante Alighieri, 11, 21013, Gallarate, Va, , Italia",
        "status": "Pubblico",
        "website": "www.issmpuccinigallarate.it/",
        "lat": "45.6650461",
        "lng": "8.7884805"
    },
    {
        "id": "conservatorio-statale-di-musica-la-spezia-giacomo-puccini",
        "tipologia_istituto": "Conservatori di Musica e ISSM",
        "istituto": "Conservatorio di Musica statale Giacomo Puccini - La Spezia",
        "citta": "La Spezia",
        "sede": "Principale",
        "address": "Via XX Settembre, 34, 19100, La Spezia, Sp, , Italia",
        "status": "Pubblico",
        "website": "www.conssp.it",
        "lat": "44.1073249",
        "lng": "9.8261020"
    },
    {
        "id": "conservatorio-statale-di-musica-pesaro-gioachino-rossini",
        "tipologia_istituto": "Conservatori di Musica e ISSM",
        "istituto": "Conservatorio di Musica statale Gioacchino Rossini - Pesaro (PU)",
        "citta": "Pesaro",
        "sede": "Principale",
        "address": "Piazza Olivieri,5, , Pu, 61100, Pesaro, Pe, , Italia",
        "status": "Pubblico",
        "website": "www.conservatoriorossini.it",
        "lat": "43.9092100",
        "lng": "12.9104169"
    },
    {
        "id": "conservatorio-statale-di-musica-fermo-giovambattista-pergolesi",
        "tipologia_istituto": "Conservatori di Musica e ISSM",
        "istituto": "Conservatorio di Musica statale Giovambattista Pergolesi - Fermo",
        "citta": "Fermo",
        "sede": "Principale",
        "address": "Via dell'Università, 16, 63900, Fermo, FM, , Italia",
        "status": "Pubblico",
        "website": "www.conservatorio.net",
        "lat": "43.1617794",
        "lng": "13.7173919"
    },
    {
        "id": "conservatorio-statale-di-musica-bologna-giovan-battista-martini",
        "tipologia_istituto": "Conservatori di Musica e ISSM",
        "istituto": "Conservatorio di Musica statale Giovan B. Martini - Bologna",
        "citta": "Bologna",
        "sede": "Principale",
        "address": "P.Zza Rossini, 2, 40126, Bologna, Bo, , Italia",
        "status": "Pubblico",
        "website": "www.consbo.it",
        "lat": "44.4952952",
        "lng": "11.3490593"
    },
    {
        "id": "conservatorio-statale-di-musica-taranto-giovanni-paisiello",
        "tipologia_istituto": "Conservatori di Musica e ISSM",
        "istituto": "Conservatorio di Musica statale Giovanni Paisiello - Taranto",
        "citta": "Taranto",
        "sede": "Principale",
        "address": "Via Duomo, 276, 74123, Taranto, Ta, , Italia",
        "status": "Pubblico",
        "website": "www.paisiello.it",
        "lat": "40.4749097",
        "lng": "17.2312876"
    },
    {
        "id": "conservatorio-statale-di-musica-ferrara-girolamo-frescobaldi",
        "tipologia_istituto": "Conservatori di Musica e ISSM",
        "istituto": "Conservatorio di Musica statale Girolamo Frescobaldi - Ferrara",
        "citta": "Ferrara",
        "sede": "Principale",
        "address": "Largo Antonioni, 1, 44121, Ferrara, Fe, , Italia",
        "status": "Pubblico",
        "website": "www.conservatorioferrara.it",
        "lat": "44.8382457",
        "lng": "11.6220922"
    },
    {
        "id": "conservatorio-statale-di-musica-terni-giulio-briccialdi",
        "tipologia_istituto": "Conservatori di Musica e ISSM",
        "istituto": "Conservatorio di Musica statale Giulio Briccialdi - Terni",
        "citta": "Terni",
        "sede": "Principale",
        "address": "Via del ibunale, 22, 05100, Terni, Tr, , Italia",
        "status": "Pubblico",
        "website": "www.briccialditerni.it",
        "lat": "42.6539486",
        "lng": "12.4396528"
    },
    {
        "id": "conservatorio-statale-di-musica-salerno-giuseppe-martucci",
        "tipologia_istituto": "Conservatori di Musica e ISSM",
        "istituto": "Conservatorio di Musica statale Giuseppe Martucci - Salerno",
        "citta": "Salerno",
        "sede": "Principale",
        "address": "Via Giuseppe Paesano N. 2, 84125, Salerno, Sa, , Italia",
        "status": "Pubblico",
        "website": "www.consalerno.it",
        "lat": "40.6822539",
        "lng": "14.7509898"
    },
    {
        "id": "conservatorio-statale-di-musica-piacenza-giuseppe-nicolini",
        "tipologia_istituto": "Conservatori di Musica e ISSM",
        "istituto": "Conservatorio di Musica statale Giuseppe Nicolini - Piacenza",
        "citta": "Piacenza",
        "sede": "Principale",
        "address": "Via S. Franca , 35, 29100, Piacenza, Pc, , Italia",
        "status": "Pubblico",
        "website": "www.conservatorionicolini.com",
        "lat": "45.0490767",
        "lng": "9.6910176"
    },
    {
        "id": "conservatorio-statale-di-musica-trieste-giuseppe-tartini",
        "tipologia_istituto": "Conservatori di Musica e ISSM",
        "istituto": "Conservatorio di Musica statale Giuseppe Tartini - Trieste",
        "citta": "Trieste",
        "sede": "Principale",
        "address": "Via Carlo Ghega, 12, 34123, Trieste, Ts, , Italia",
        "status": "Pubblico",
        "website": "www.conts.it",
        "lat": "45.6558027",
        "lng": "13.7750136"
    },
    {
        "id": "conservatorio-statale-di-musica-como-giuseppe-verdi",
        "tipologia_istituto": "Conservatori di Musica e ISSM",
        "istituto": "Conservatorio di Musica statale Giuseppe Verdi - Como",
        "citta": "Como",
        "sede": "Principale",
        "address": "Via Luigi Cadorna, 4, 22100, Como, CO, , Italia",
        "status": "Pubblico",
        "website": "www.conservatoriocomo.it",
        "lat": "45.8036294",
        "lng": "9.0853398"
    },
    {
        "id": "conservatorio-statale-di-musica-milano-giuseppe-verdi",
        "tipologia_istituto": "Conservatori di Musica e ISSM",
        "istituto": "Conservatorio di Musica statale Giuseppe Verdi - Milano",
        "citta": "Milano",
        "sede": "Principale",
        "address": "Via Conservatorio, 12 - 20122 Milano",
        "status": "Pubblico",
        "website": "www.consmi.it/",
        "lat": "45.4650024",
        "lng": "9.2031994"
    },
    {
        "id": "conservatorio-statale-di-musica-ravenna-giuseppe-verdi",
        "tipologia_istituto": "Conservatori di Musica e ISSM",
        "istituto": "Conservatorio di Musica statale Giuseppe Verdi - Ravenna",
        "citta": "Ravenna",
        "sede": "Principale",
        "address": "Via delle Industrie, 76, 48122, Ravenna, Ra, , Italia",
        "status": "Pubblico",
        "website": "www.verdiravenna.it/",
        "lat": "44.4262085",
        "lng": "12.2137298"
    },
    {
        "id": "conservatorio-statale-di-musica-torino-giuseppe-verdi",
        "tipologia_istituto": "Conservatori di Musica e ISSM",
        "istituto": "Conservatorio di Musica statale Giuseppe Verdi - Torino",
        "citta": "Torino",
        "sede": "Principale",
        "address": "Via Accademia Albertina, 6, 10123, Torino, To, , Italia",
        "status": "Pubblico",
        "website": "www.conservatoriotorino.eu",
        "lat": "45.0675807",
        "lng": "7.6897297"
    },
    {
        "id": "conservatorio-statale-di-musica-novara-guido-cantelli",
        "tipologia_istituto": "Conservatori di Musica e ISSM",
        "istituto": "Conservatorio di Musica statale Guido Cantelli - Novara",
        "citta": "Novara",
        "sede": "Principale",
        "address": "Via Collegio Gallarini, 1, 28100, Novara, No, , Italia",
        "status": "Pubblico",
        "website": "www.consno.it",
        "lat": "45.4444798",
        "lng": "8.6202478"
    },
    {
        "id": "conservatorio-statale-di-musica-udine-jacopo-tomadini",
        "tipologia_istituto": "Conservatori di Musica e ISSM",
        "istituto": "Conservatorio di Musica statale Jacopo Tomadini - Udine",
        "citta": "Udine",
        "sede": "Principale",
        "address": "Piazza 1° Maggio, 29, 33100, Udine, Ud, , Italia",
        "status": "Pubblico",
        "website": "www.conservatorio.udine.it/",
        "lat": "46.0651811",
        "lng": "13.2397028"
    },
    {
        "id": "conservatorio-statale-di-musica-frosinone-licinio-refice",
        "tipologia_istituto": "Conservatori di Musica e ISSM",
        "istituto": "Conservatorio di Musica statale Licinio Refice - Frosinone",
        "citta": "Frosinone",
        "sede": "Principale",
        "address": "Via Marconi, 03100, Frosinone, Fr, , Italia",
        "status": "Pubblico",
        "website": "www.conservatorio-frosinone.it",
        "lat": "41.5775271",
        "lng": "13.6059872"
    },
    {
        "id": "conservatorio-statale-di-musica-campobasso-lorenzo-perosi",
        "tipologia_istituto": "Conservatori di Musica e ISSM",
        "istituto": "Conservatorio di Musica statale Lorenzo Perosi - Campobasso",
        "citta": "Campobasso",
        "sede": "Principale",
        "address": "Via Principe di Piemonte, 2, 86100, Campobasso, Cb, , Italia",
        "status": "Pubblico",
        "website": "www.conservatorioperosi.it",
        "lat": "41.7113278",
        "lng": "14.9883469"
    },
    {
        "id": "conservatorio-statale-di-musica-brescia-luca-marenzio",
        "tipologia_istituto": "Conservatori di Musica e ISSM",
        "istituto": "Conservatorio di Musica statale Luca Marenzio - Brescia",
        "citta": "Brescia",
        "sede": "Decentrata",
        "address": "Piazza Arturo Benedetti Michelangeli, 1, 25100, Brescia, Bs, , Italia",
        "status": "Pubblico",
        "website": "www.consbs.it",
        "lat": "45.5358028",
        "lng": "10.2255838"
    },
    {
        "id": "conservatorio-di-musica-di-brescia-sez-darfo-boario-terme",
        "tipologia_istituto": "Conservatori di Musica e ISSM",
        "istituto": "Conservatorio di Musica statale Luca Marenzio (sezione staccata DARFO BOARIO TERME (BS))",
        "citta": "Darfo Boario Terme",
        "sede": "Decentrata",
        "address": "Via Razziche, 5, 25047, Darfo Boario Terme, BS, Italia",
        "status": "Pubblico",
        "website": "www.consbs.it",
        "lat": "45.8915000",
        "lng": "10.1887900"
    },
    {
        "id": "conservatorio-statale-di-musica-mantova-lucio-campiani",
        "tipologia_istituto": "Conservatori di Musica e ISSM",
        "istituto": "Conservatorio di Musica statale Lucio Campiani - Mantova",
        "citta": "Mantova",
        "sede": "Principale",
        "address": "Via della Conciliazione, 33, 46100, Mantova, Mn, , Italia",
        "status": "Pubblico",
        "website": "www.conservatoriomantova.com",
        "lat": "45.1545324",
        "lng": "10.7840711"
    },
    {
        "id": "conservatorio-statale-di-musica-lucca-luigi-boccherini",
        "tipologia_istituto": "Conservatori di Musica e ISSM",
        "istituto": "Conservatorio di Musica statale Luigi Boccherini - Lucca",
        "citta": "Lucca",
        "sede": "Principale",
        "address": "Via del Suffragio, 55100, Lucca, Lu, , Italia",
        "status": "Pubblico",
        "website": "www.boccherini.it",
        "lat": "43.8428292",
        "lng": "10.5057569"
    },
    {
        "id": "conservatorio-statale-di-musica-sassari-luigi-canepa",
        "tipologia_istituto": "Conservatori di Musica e ISSM",
        "istituto": "Conservatorio di Musica statale Luigi Canepa - Sassari",
        "citta": "Sassari",
        "sede": "Principale",
        "address": "Piazzale Cappuccini, 07100, Sassari, Ss, , Italia",
        "status": "Pubblico",
        "website": "www.conservatorio.sassari.it/",
        "lat": "40.7234746",
        "lng": "8.5612674"
    },
    {
        "id": "conservatorio-statale-di-musica-firenze-luigi-cherubini",
        "tipologia_istituto": "Conservatori di Musica e ISSM",
        "istituto": "Conservatorio di Musica statale Luigi Cherubini - Firenze",
        "citta": "Firenze",
        "sede": "Principale",
        "address": "P.Zza Belle Arti, 2, 50122, Firenze, Fi, , Italia",
        "status": "Pubblico",
        "website": "www.consfi.it/",
        "lat": "43.7763996",
        "lng": "11.2583489"
    },
    {
        "id": "conservatorio-statale-di-musica-pescara-luisa-d-annunzio",
        "tipologia_istituto": "Conservatori di Musica e ISSM",
        "istituto": "Conservatorio di Musica statale Luisa D’Annunzio - Pescara",
        "citta": "Pescara",
        "sede": "Principale",
        "address": "Via Caduti Sul Lavoro, 39, 65123, Pescara, Pe, , Italia",
        "status": "Pubblico",
        "website": "www.conservatoriope.it",
        "lat": "42.4754123",
        "lng": "14.2011306"
    },
    {
        "id": "conservatorio-statale-di-musica-bari-niccol-piccinni",
        "tipologia_istituto": "Conservatori di Musica e ISSM",
        "istituto": "Conservatorio di Musica statale Niccolò Piccinni - Bari",
        "citta": "Bari",
        "sede": "Principale",
        "address": "Via Cifarelli, 26, 70124, Bari, BA, , Italia",
        "status": "Pubblico",
        "website": "www.consba.it/",
        "lat": "41.1157586",
        "lng": "16.8568829"
    },
    {
        "id": "conservatorio-statale-di-musica-benevento-nicola-sala",
        "tipologia_istituto": "Conservatori di Musica e ISSM",
        "istituto": "Conservatorio di Musica statale Nicola Sala - Benevento",
        "citta": "Benevento",
        "sede": "Principale",
        "address": "Via Mario La Vipera, 82100, Benevento, Bn, , Italia",
        "status": "Pubblico",
        "website": "www.conservatorio.bn.it",
        "lat": "41.1303830",
        "lng": "14.7821165"
    },
    {
        "id": "conservatorio-statale-di-musica-genova-nicol-paganini",
        "tipologia_istituto": "Conservatori di Musica e ISSM",
        "istituto": "Conservatorio di Musica statale Nicolò Paganini - Genova",
        "citta": "Genova",
        "sede": "Principale",
        "address": "Largo Pertini, 4, 16121, Genova, Ge, , Italia",
        "status": "Pubblico",
        "website": "www.conspaganini.it/",
        "lat": "44.4076284",
        "lng": "8.9348449"
    },
    {
        "id": "conservatorio-statale-di-musica-monopoli-ba-nino-rota",
        "tipologia_istituto": "Conservatori di Musica e ISSM",
        "istituto": "Conservatorio di Musica statale Nino Rota - Monopoli (BA)",
        "citta": "Monopoli",
        "sede": "Principale",
        "address": "P.Zza S. Antonio, 27, , Ba, 70043, Monopoli, Mo, , Italia",
        "status": "Pubblico",
        "website": "www.conservatoriodimonopoli.org",
        "lat": "40.9527986",
        "lng": "17.2956015"
    },
    {
        "id": "conservatorio-statale-di-musica-modena-con-sede-a-carpi-orazio-vecchi-antonio-tonelli",
        "tipologia_istituto": "Conservatori di Musica e ISSM",
        "istituto": "Conservatorio di Musica statale Orazio Vecchi Antonio Tonelli - Modena e Carpi",
        "citta": "Carpi",
        "sede": "Principale",
        "address": "Via San Rocco, 5, 41012, Carpi, Ca, , Italia",
        "status": "Pubblico",
        "website": "www.vecchitonelli.it",
        "lat": "44.7835699",
        "lng": "10.8854523"
    },
    {
        "id": "conservatorio-statale-di-musica-latina-ottorino-respighi",
        "tipologia_istituto": "Conservatori di Musica e ISSM",
        "istituto": "Conservatorio di Musica statale Ottorino Respighi - Latina",
        "citta": "Latina",
        "sede": "Principale",
        "address": "Via Ezio, , Lt, 04100, Latina, La, , Italia",
        "status": "Pubblico",
        "website": "www.conslatina.it",
        "lat": "41.4693594",
        "lng": "12.9172571"
    },
    {
        "id": "conservatorio-di-musica-di-bolzano-sez-tedesca",
        "tipologia_istituto": "Conservatori di Musica e ISSM",
        "istituto": "Conservatorio di Musica statale Claudio Monteverdi - Bolzano (Sezione in lingua tedesca)",
        "citta": "Bolzano",
        "sede": "Principale",
        "address": "Piazza Domenicani, 19, 39100, Bolzano - Bozen, BZ, Italia",
        "status": "Pubblico",
        "website": "www.cons.bz.it",
        "lat": "46.4976732",
        "lng": "11.3515688"
    },
    {
        "id": "conservatorio-statale-di-musica-cagliari-pierluigi-da-palestrina",
        "tipologia_istituto": "Conservatori di Musica e ISSM",
        "istituto": "Conservatorio di Musica statale Pierluigi da Palestrina - Cagliari",
        "citta": "Cagliari",
        "sede": "Principale",
        "address": "P.Zza E. Porrino, 1, 09100, Cagliari, Ca, , Italia",
        "status": "Pubblico",
        "website": "www.conservatoriocagliari.it",
        "lat": "39.2171994",
        "lng": "9.1133110"
    },
    {
        "id": "conservatorio-statale-di-musica-livorno-pietro-mascagni",
        "tipologia_istituto": "Conservatori di Musica e ISSM",
        "istituto": "Conservatorio di Musica statale Pietro Mascagni - Livorno",
        "citta": "Livorno",
        "sede": "Principale",
        "address": "Via Galileo Galilei, 40, 57122, Livorno, Li, , Italia",
        "status": "Pubblico",
        "website": "www.consli.it",
        "lat": "43.5560233",
        "lng": "10.3173904"
    },
    {
        "id": "conservatorio-statale-di-musica-nocera-terinese-cz-pyotr-ilyich-tchaikovsky",
        "tipologia_istituto": "Conservatori di Musica e ISSM",
        "istituto": "Conservatorio di Musica statale Pyotr Ilyich Tchaikovsky - Nocera Terinese",
        "citta": "Nocera Terinese",
        "sede": "Principale",
        "address": "Via Dante Alighieri, 13, 88047, Nocera Terinese, CZ, Italia",
        "status": "Pubblico",
        "website": "www.conscz.it",
        "lat": "39.0381000",
        "lng": "16.1610000"
    },
    {
        "id": "conservatorio-statale-di-musica-siena-rinaldo-franci",
        "tipologia_istituto": "Conservatori di Musica e ISSM",
        "istituto": "Conservatorio di Musica statale R. Franci - Siena",
        "citta": "Siena",
        "sede": "Principale",
        "address": "Prato Sant'Agostino, 2, 53100, Siena, Si, , Italia",
        "status": "Pubblico",
        "website": "www.conservatoriosiena.it/it",
        "lat": "43.3145921",
        "lng": "11.3307638"
    },
    {
        "id": "conservatorio-statale-di-musica-napoli-s-pietro-a-majella",
        "tipologia_istituto": "Conservatori di Musica e ISSM",
        "istituto": "Conservatorio di Musica statale S. Pietro a Majella - Napoli",
        "citta": "Napoli",
        "sede": "Principale",
        "address": "Via S.P. A Majella, 35, 80138, Napoli, Na, , Italia",
        "status": "Pubblico",
        "website": "www.sanpietroamajella.it",
        "lat": "40.8358846",
        "lng": "14.2487679"
    },
    {
        "id": "conservatorio-statale-di-musica-roma-santa-cecilia",
        "tipologia_istituto": "Conservatori di Musica e ISSM",
        "istituto": "Conservatorio di Musica statale Santa Cecilia - Roma",
        "citta": "Roma",
        "sede": "Principale",
        "address": "Via dei Greci, 18, 00187, Roma, RM, , Italia",
        "status": "Pubblico",
        "website": "www.conservatoriosantacecilia.it",
        "lat": "41.9074985",
        "lng": "12.4788258"
    },
    {
        "id": "conservatorio-statale-di-musica-cosenza-stanislao-giacomantonio",
        "tipologia_istituto": "Conservatori di Musica e ISSM",
        "istituto": "Conservatorio di Musica statale Stanislao Giacomantonio - Cosenza",
        "citta": "Cosenza",
        "sede": "Principale",
        "address": "Via Portapiana, , Cs, 87100, Cosenza, Co, , Italia",
        "status": "Pubblico",
        "website": "www.conservatoriocosenza.it",
        "lat": "39.2840282",
        "lng": "16.2587924"
    },
    {
        "id": "conservatorio-statale-di-musica-lecce-tito-schipa",
        "tipologia_istituto": "Conservatori di Musica e ISSM",
        "istituto": "Conservatorio di Musica statale Tito Schipa - Lecce",
        "citta": "Lecce",
        "sede": "Principale",
        "address": "Via Ciardo, 2, 73100, Lecce, LE, , Italia",
        "status": "Pubblico",
        "website": "www.conservatoriolecce.it",
        "lat": "40.4373242",
        "lng": "18.0273367"
    },
    {
        "id": "conservatorio-di-musica-di-lecce-sez-ceglie-messapica",
        "tipologia_istituto": "Conservatori di Musica e ISSM",
        "istituto": "Conservatorio di Musica statale Tito Schipa (sezione staccata CEGLIE MESSAPICA (BR)) - Lecce",
        "citta": "Ceglie Messapica",
        "sede": "Decentrata",
        "address": "V.Le B. Luigi Don Guanella, 2, 72013, Ceglie Messapica, Br, , Italia",
        "status": "Pubblico",
        "website": "www.conservatoriolecce.it",
        "lat": "40.6460444",
        "lng": "17.5170566"
    },
    {
        "id": "conservatorio-statale-di-musica-foggia-umberto-giordano",
        "tipologia_istituto": "Conservatori di Musica e ISSM",
        "istituto": "Conservatorio di Musica statale Umberto Giordano - Foggia",
        "citta": "Foggia",
        "sede": "Principale",
        "address": "Piazza Negri, 13, 71100, Foggia, Fg, , Italia",
        "status": "Pubblico",
        "website": "www.conservatoriofoggia.it",
        "lat": "41.5028106",
        "lng": "15.4528939"
    },
    {
        "id": "conservatorio-di-musica-di-foggia-sez-rodi-garganico",
        "tipologia_istituto": "Conservatori di Musica e ISSM",
        "istituto": "Conservatorio di Musica statale Umberto Giordano (sezione staccata RODI GARGANICO (FG)) - Foggia",
        "citta": "Rodi Garganico",
        "sede": "Decentrata",
        "address": "Via Varano, 71012, Rodi Garganico, Fg, , Italia",
        "status": "Pubblico",
        "website": "www.conservatoriofoggia.it",
        "lat": "41.9289048",
        "lng": "15.8802919"
    },
    {
        "id": "conservatorio-statale-di-musica-caltanissetta-vincenzo-bellini",
        "tipologia_istituto": "Conservatori di Musica e ISSM",
        "istituto": "Conservatorio di Musica statale Vincenzo Bellini - Caltanissetta",
        "citta": "Caltanissetta",
        "sede": "Principale",
        "address": "Corso Umberto I°, 84, , Cl, 93100, Caltanissetta, Ca, , Italia",
        "status": "Pubblico",
        "website": "www.Issmbellini.cl.it",
        "lat": "37.4882462",
        "lng": "14.0628911"
    },
    {
        "id": "conservatorio-statale-di-musica-catania-vincenzo-bellini",
        "tipologia_istituto": "Conservatori di Musica e ISSM",
        "istituto": "Conservatorio di Musica statale Vincenzo Bellini - Catania",
        "citta": "Catania",
        "sede": "Principale",
        "address": "Via Istituto Sacro Cuore, 3, 95125, Catania, Ct, , Italia",
        "status": "Pubblico",
        "website": "www.conservatoriocatania.it",
        "lat": "37.5203524",
        "lng": "15.0822223"
    },
    {
        "id": "istituto-musicale-pareggiato-della-valle-d-aosta",
        "tipologia_istituto": "Istituti Musicali",
        "istituto": "Istituto Musicale Pareggiato della VALLE D'AOSTA - Aosta",
        "citta": "Aosta",
        "sede": "Principale",
        "address": "Torre dei Balivi, Via Guido Rey, 11100 Aosta AO",
        "status": "Pubblico",
        "website": "www.consaosta.it",
        "lat": "4.574.045.038.982.740",
        "lng": "7.322.121.281.420.930"
    },
    {
        "id": "istituto-superiore-di-studi-musicali-e-coreutici-di-teramo",
        "tipologia_istituto": "Altro",
        "istituto": "Istituto Statale Superiore di Studi Musicali e Coreutici Gaetano Braga - Teramo",
        "citta": "Teramo",
        "sede": "Principale",
        "address": "Piazza G. Verdi, 25, 64100, Teramo, Te, , Italia",
        "status": "Pubblico",
        "website": "www.conservatoriobraga.it",
        "lat": "42.6581180",
        "lng": "13.6978746"
    },
    {
        "id": "conservatorio-statale-di-musica-teramo-gaetano-braga-issmc",
        "tipologia_istituto": "Conservatori di Musica e ISSM",
        "istituto": "Istituto Statale Superiore di Studi Musicali Gaetano Braga - Teramo",
        "citta": "Teramo",
        "sede": "Principale",
        "address": "Corso S. Giorgio, 14, 64100, Teramo, Te, , Italia",
        "status": "Pubblico",
        "website": "www.conservatoriobraga.it",
        "lat": "42.6601486",
        "lng": "13.7007032"
    },
    {
        "id": "isia-faenza",
        "tipologia_istituto": "ISIA - Istituti Superiori per le Industrie Artistiche",
        "istituto": "Istituto superiore per le Industrie Artistiche - Faenza (RA)",
        "citta": "Faenza",
        "sede": "Principale",
        "address": "Corso Mazzini, 93, , Ra, 48018, Faenza, Fa, , Italia",
        "status": "Pubblico",
        "website": "www.isiafaenza.it",
        "lat": "44.2870556",
        "lng": "11.8801787"
    },
    {
        "id": "isia-firenze",
        "tipologia_istituto": "ISIA - Istituti Superiori per le Industrie Artistiche",
        "istituto": "Istituto superiore per le Industrie Artistiche - Firenze",
        "citta": "Firenze",
        "sede": "Principale",
        "address": "Via Pisana, 79, 50143, Firenze, Fi, , Italia",
        "status": "Pubblico",
        "website": "www.isiadesign.fi.it/",
        "lat": "43.7722975",
        "lng": "11.2304322"
    },
    {
        "id": "isia-pescara",
        "tipologia_istituto": "ISIA - Istituti Superiori per le Industrie Artistiche",
        "istituto": "Istituto superiore per le Industrie Artistiche - Pescara",
        "citta": "Pescara",
        "sede": "Principale",
        "address": "Via Cesare Battisti,198, 65123, Pescara, Pe, , Italia",
        "status": "Pubblico",
        "website": "www.isiadesign.pe.it",
        "lat": "42.4745581",
        "lng": "14.2035856"
    },
    {
        "id": "isia-roma",
        "tipologia_istituto": "ISIA - Istituti Superiori per le Industrie Artistiche",
        "istituto": "Istituto superiore per le Industrie Artistiche - Roma",
        "citta": "Roma",
        "sede": "Principale",
        "address": "Piazza della Maddalena, 53, 00186, Roma, Rm, , Italia",
        "status": "Pubblico",
        "website": "www.isiaroma.it",
        "lat": "41.9001808",
        "lng": "12.4766899"
    },
    {
        "id": "isia-urbino",
        "tipologia_istituto": "ISIA - Istituti Superiori per le Industrie Artistiche",
        "istituto": "Istituto superiore per le Industrie Artistiche - Urbino (PU)",
        "citta": "Urbino",
        "sede": "Principale",
        "address": "Via S. Chiara, 36, , Pu, 61029, Urbino, Ur, , Italia",
        "status": "Pubblico",
        "website": "www.isiaurbino.net",
        "lat": "43.7232891",
        "lng": "12.6375713"
    },
    {
        "id": "istituto-superiore-per-le-industrie-artistiche-sede-decentrata-dellisia-di-roma",
        "tipologia_istituto": "ISIA - Istituti Superiori per le Industrie Artistiche",
        "istituto": "Istituto superiore per le Industrie Artistiche (sede decentrata dell'ISIA di ROMA) - Pordenone",
        "citta": "Pordenone",
        "sede": "Decentrata",
        "address": "Pordenone",
        "status": "Pubblico",
        "website": "www.isiaroma.it/",
        "lat": "45.9562503",
        "lng": "12.6597197"
    },
    {
        "id": "politecnico-delle-arti-statale-sezione-belle-arti-g-carrara",
        "tipologia_istituto": "Accademie di Belle Arti",
        "istituto": "Politecnico delle Arti Gaetano Donizetti Giacomo Carrara (Area Artistica) - Bergamo",
        "citta": "Bergamo",
        "sede": "Principale",
        "address": "Via Roma, 1, Carrara, Ms, 54033, Bergamo, Bg, , Italia",
        "status": "Pubblico",
        "website": "www.accademiacarrara.it",
        "lat": "45.6601869",
        "lng": "9.6744513"
    },
    {
        "id": "politecnico-delle-arti-statale-sezione-musicale-g-donizetti",
        "tipologia_istituto": "Conservatori di Musica e ISSM",
        "istituto": "Politecnico delle Arti Gaetano Donizetti Giacomo Carrara (Area Musicale) - Bergamo",
        "citta": "Bergamo",
        "sede": "Principale",
        "address": "Via Arena, 9, 24129, Bergamo, Bg, , Italia",
        "status": "Pubblico",
        "website": "www.consbg.it/",
        "lat": "45.7033389",
        "lng": "9.6608543"
    }
]